,PCA Score,Abstract
0,0.5882448750988712,A method of producing an emulsion explosive which method comprises sparging with a gas a mixture of an aqueous solution of an oxygen-releasing salt and a water-immiscible fuel.
1,0.5172743487958524,"A W/O emulsion explosive composition having a high explosion energy especially in water, which comprises a continuous phase comprising a carbonaceous fuel component, a disperse phase comprising an aqueous solution of an inorganic oxoacid salt, an emulsifying agent, an organic foam retaining agent, and aluminum powder."
3,0.5041134717735097,This invention relates to novel salt compositions and to explosive compositions comprising said salt compositions. The salt compositions are useful as emulsifiers in the explosive compositions. The explosive compositions are water-in-oil emulsion explosives.
2,0.47149000701099875,"An explosive emulsion composition which includes two oxygen supplying salts and urea as a discontinuous phase, and a continuous water-immiscible organic phase which consists predominantly of iso-paraffinics oils and one or more emulsifying agents."
4,0.45450721808839034,"A water-in-oil emulsion explosive composition comprising an aqueous oxygen-supplying salt solution and anti-caking and stabilising agents as the discontinuous phase, and a continuous water-immiscible organic phase including an emulsifying agent, and an emulsifier selected from the group consisting of poly(isobutylene) succinic anhydride or poly(isobutylene) succinic acid which has been derivatised with amine or alkanolamine."
5,0.4208729448351276,"The application relates to processes for dismantling ammunition. The first aspect of the present application is a method for processing explosive waste to give a stable suspension or emulsion in an inert aqueous medium by adding organic and inorganic thickeners/emulsifiers, as well as subsequent incineration using an incinerator with a cooled injector tube. The second aspect of the present application is a method for removing explosives from ammunition wherein the explosive is flushed out of the ammunition with the aid of an inert liquid such as water under high pressure, preferably of about 1100 bar, using a high pressure spray head and an installation suitable for so removing explosives. The third aspect of the present application is a method for the production of blank ammunition wherein the charge chamber of a grenade body is filled with an inert mass consisting of a light (e.g. PUR-foam) component and a heavy (e.g. gravel) component."
6,0.4162238513451302,"A blasting explosive composition containing a solid inorganic oxidising salt as the oxidizer component, a hydrocarbon liquid as the fuel component, and a binding agent. The composition can also contain an ammonium nitrate based emulsion. The binding agent can increase the water resistance, or increase the sleep time, of the explosive composition, or increase the fuel oil absorbency of the solid inorganic oxidising salt. The binding agent is selected from one or more of a long chain carboxylic acid and its salts and derivatives, especially those having from 8 to 100 or preferably 10 to 50 carbon units. The binding agent may preferably be selected from one or more of: dimer acid, trimer acid, polyisobutylene succinic anhydride, oleic acid, stearic acid, sorbitan tristearate, and their salts and esters."
14,0.41613311332848457,"An emulsion explosive, formulated with a basic surfactant, which is sensitised by gassing with active sodium hypochlorite."
7,0.4159337738443347,Explosive compositions are disclosed herein. The compositions include a diesel fuel and a vacuum gas oil. Some compositions disclosed herein include an emulsion that includes an oxidizer in a discontinuous phase and a blend of diesel fuel and vacuum gas oil in a continuous phase. Methods of manufacturing explosive compositions are also disclosed herein.
9,0.3913222514747028,"Water-in-oil emulsion explosive compositions comprising a) an aqueous oxidizer phase comprising at least one oxygen supplying component wherein said oxygen supplying component comprises at least 50% by weight of prilled agricultural grade ammonium nitrate, b) an organic phase, comprising at least one organic fuel and c) an emulsifying amount of an aliphatic hydrocarbyl group substituted succinic emulsifier composition, said succinic emulsifier composition having at least one of succinic ester groups, succinic amide groups, succinic imine groups, succinic ester-amide and succinimide groups, and mixtures thereof, wherein each of said groups is substituted with an aminoalkyl group, wherein the aliphatic hydrocarbon based group contains from about 18 up to about 500 carbon atoms."
8,0.3778782937736205,"Disclosed is an explosive composition which is obtained by kneading a fuel component and an oxidant component by using an aqueous emulsion of a hydrophobic adhesive and then drying the kneaded material. The explosive composition exhibits high water resistance, good extrusion moldability and good cleanability from molding machines, while having only a few production problems. A molded body of this explosive composition is preferably applied to gas generants, auto igniters, enhancers and the like, and is particularly preferably used for a gas generator for activating an automobile safety system."
10,0.3693117400505077,"This invention relates to a base emulsion for an emulsion explosive, the base emulsion being a re-pumpable water-in-oil emulsion and comprising: a continuous fuel phase, comprising a liquid hydrocarbon fuel; and an aqueous discontinuous oxidiser phase, dispersed in the fuel phase, the oxidiser phase comprising water, ammonium nitrate and sodium perchlorate. This invention also relates to a sodium nitrite-containing sensitizing solution, for sensitizing such a base emulsion, the sensitizing solution comprising sodium perchlorate. This invention extends, further, to a two-component explosive system comprising such a base emulsion and such a sensitizing solution. Finally, the invention extends to a method of loading a borehole with such a base emulsion and such a sensitizing solution to provide a sensitized emulsion explosive loaded in the borehole; and to such explosive."
13,0.3387565342983645,A process for producing an ammonium nitrate fuel oil (ANFO) explosive includes admixing an oil with water to form a fuel comprising an emulsion. The emulsion is admixed with solid particulate ammonium nitrate. The emulsion is absorbed into the ammonium nitrate to form the ANFO explosive.
11,0.3366424752701863,"Disclosed herein is an explosive composition for soft and wet ground. The explosive composition comprises an explosive comprising an oxidiser component in a water in oil emulsion or a water gel, and a bulking agent comprising discrete particles of a combustible substance. The combustible substance is water soluble but, in the explosive composition, migration of the combustible substance from the discrete particles to the oxidiser component is inhibited. Also disclosed is a method for delivering an explosive composition to a borehole, for example a borehole in soft and wet ground."
12,0.28773042730429244,"The process comprises the mixing of a water-based oxidant product having an oxygen proportion higher than 14 % and comprised of an aqueous solution which is saturated with oxidant salts, suspended oxidant particles and thickening agents, with a combustible and a gas in a mixer, to obtain the formation of an intimate mixture of the oxidant product and the fuel and the formation of a suspension or emulsion of gas in the mixture. The density of the final explosive product may vary as a function of the gas flow rate and is controlled before the explosive is introduced into the hole. The plant is comprised of a tank (1) containing the oxidant product, a combustible tank (11), a gas reservoir (10), a mixer (5), a pump (3), a fuel dosing device (12) with a flow rate meter (13) and a gas flow rate regulator (8) and, optionally, a tank (2) containing a stabilizer for the gas bubbles, a dosing pump (4) and a flow meter (7)."
24,0.2718993295229917,"A sensitizing composition to sensitize a base emulsion, for use in an explosive composition, which includes a carrier emulsion, of a liquid non-polar organic fuel, a surfactant and an aqueous solution, and a plurality of microspheres suspended in the carrier emulsion."
22,0.26673790394240626,"A syntactic foam and water-based explosive comprising glass microbubbles formed by heating feed having a size distribution with a span of less than 0.9 that are dispersed in a polymeric matrix or emulsion explosive. A method for making glass microbubbles, syntactic foam and water-based explosives is described."
15,0.2662886115526256,"The technical field of the invention is that of the manufacture of explosive compositions comprising a water-in-oil emulsion containing of a mixture of two phases immiscible in one another, a continuous phase (2) comprising organic combustible components, and a discontinuous phase (1) in a dispersed oxidizing solution. The emulsion is stabilized by the presence of at least one surface-active agent mixed at least in one of said phases, wherein it is soluble, and of a surface-active agent reinforcing additive. According to the invention, the additive selected is insoluble in each of the two phases, and is used to form a third phase (3) in said emulsion, the third phase (3) being situated between the droplets (4) of the discontinuous phase (1). The third phase acts as a barrier between the droplets and increases emulsion stabilization."
17,0.2649189305374743,"The invention provides a free-flowing particulate explosive comprising 20 % to 90 % by mass of a particulate solid oxidiser, and 10 % to 80 % by mass, of a water-resisting emulsion, said emulsion having non-stick coating properties when at least partially coating the particles of said oxidiser thereby rendering said particles free-flowing."
23,0.26136118327958324,"The invention relates to methods for producing explosive compositions formed by ammonium nitrate and fuel, also known as ANFO (Ammonium nitrate/Fuel Oil), and to the explosive compositions formed by bulk emulsion and ANFO, also known as heavy ANFO. The invention especially comprises two types of method for using high-density ammonium nitrate in the production of said explosive compositions."
16,0.2393594269467929,"The present invention relates generally to an explosive composition comprising an aqueous emulsion of: an oxidizer component, a hydrocarbon fuel component containing emulsifier, and a bulking agent being a fuel-type waste material in a solid particulate form substantially lacking rough surfaces and sharp edges. Preferably the composition is of an ammonium nitrate based emulsion and a pelletised bulking agent. It also involves a method of providing an explosive composition to a blast site using a conventional mobile processing unit (MPU), being a truck having separate compartments adapted for holding fuel oil, dry ammonium nitrate prill, and ammonium nitrate based emulsion, where a compartment instead holds particulate waste material. It also concerns a method of blasting soft and wet ground, which comprises injecting into one or more blast holes in the soft and wet ground a sufficient quantity of the composition, and then setting off the composition."
19,0.22262905865439686,"The present invention concerns a facility for the in situ production of an explosive product (10) by mixing (a) an emulsion matrix and a gasification reagent, comprising at least a first reservoir (1-1) containing said matrix, and a second reservoir (1-2) containing said gasification reagent, and a first pipe (61) that is at least partially flexible cooperating with a first pump (2-1) and a first valve (V1), suitable for transferring said matrix separately to a first mixer, preferably a first static mixer (7), and - a second circuit (1b) for transferring said gasification reagent comprising at least a second pipe (62) that is at least partially flexible cooperating with a second pump (2-2) and a second valve (V2), suitable for transferring said gasification reagent separately to said first mixer (7), characterised in that said second pipe (62) is disposed entirely inside the first pipe (6), forming a coaxial pipe assembly (6), said first mixing device being disposed inside the first pipe at the downstream end (61f) of same, said second pipe ending just upstream of said first mixer."
25,0.21785684203095912,"This invention relates to a method for rapid chemical gassing of an emulsion explosive without having toxic nitrogen oxides in the finished emulsion explosive product, when nitrite is used as the gassing component. Urea acts as a gassing accelerator and urea are added in the water lubrication solution or in both the water lubrication solution and in the gassing component. To achieve rapid gassing of an emulsion explosive, the emulsion is prepared at a pH in the range of 0-3, by using an organic acid having at least 3 carbon atoms."
20,0.21558869801502212,"A method of simulating an attack with chemical warfare agents, comprising dispersal of a liquid training substance by means of an explosive charge. As training substance, use is made of an oil-in-water emulsion containing an organic simulant compound for a chemical warfare agent, such as methyl salicylate (MES), as emulsified phase. The emulsion has sufficiently high water content to prevent the explosive charge from setting the training substance on fire in dispersal. The invention also concerns the training substance and a liquid composition intended to be mixed with water for producing the training substance."
35,0.21515611744038332,A composition comprising: (a) 40 to 99 weight percent of a mixture comprising: (1) an inorganic oxidizing salt and (2) a polygalactomannan plus cross-linker; and (b) 1 to 60 percent by weight of an emulsion; the total weight percent of said composition is provided. The composition is particularly useful as an explosive.
18,0.21037967983470462,"Disclosed are a low-carbon environmental emulsion explosive and a preparation device for oxidant salt aqueous solution. The emulsion explosive is prepared by sensitizing an emulsion matrix with a sensitization liquid, and the emulsion matrix is prepared by emulsifying oxidant salt aqueous solution and oil phase, wherein the components of the oxidant salt aqueous solution are ammonium nitrate, thiourea and water, and the oil phase is composed of paraffin oil or engine oil, and emulsifier, and the sensitization liquid consists of sodium nitrite, sodium thiocyanate or sodium bicarbonate, and water. The emulsion explosive in this invention not only economizes packaging materials, and relatively reduces carbon dioxide emissions, but also simplifies the formula, and effectively reduces the toxic gas generation. The quantity of the involved toxic gas emission is around 20L/kg. And the emulsion explosive can be transported freely, and is not affected by charging."
39,0.20926843294413844,"The invention relates to an emulsion explosive, a method for producing the same, and the use thereof as a cladding and compacting explosive. The inventive emulsion explosive contains silicone oil or a mixture of silicone oils."
31,0.2046967503738062,A detonator sensitive explosive emulsion composition includes an oxidizing phase including a supersaturated solution of ammonium nitrate and a fuel phase including sufficient emulsifying agent to permit dispersion of the oxidizing phase in the fuel phase. The detonator sensitive explosive emulsion composition further includes a crystallization temperature depressant consisting essentially of at least one of an amine and an amine nitrate.
27,0.20358753308796984,"The present invention provides a gasser solution for sensitising an emulsion to form a gassed emulsion explosive composition having a discontinuous aqueous phase comprising inorganic oxygen releasing salts, a continuous water immiscible organic phase and an emulsifier, the emulsifier comprising a headgroup having a functional moiety which is vulnerable to attack by a nitroso species and wherein the gasser solution comprises a solution of an inorganic nitrite, an ammonium species and optionally an accelerator."
26,0.18894052281623197,The application relates to a product formed by the reaction of: a) one or more fatty acid esters of alcohols selected from the group consisting of hexitols and their cyclic or bicyclic anhydrides and pentitols and their anhydrides and mixtures thereof; and b) one or more conjoining agents capable of conjoining the fatty acid esters. The conjoining agents may also have two or more reactive functional groups wherein at least one functional group is capable of conjoining with the fatty acid esters and at least one functional group is capable of reacting with a multifoliate initiator. The product may be suitable for using as an emulsifier in a water-in-oil emulsion explosive and other industrial products.
21,0.18234345933952456,"Provided is a ground station for an intrinsic safety-type latex matrix, which relates to the field of latex matrix preparation processes and equipment techniques for mobile ground auxiliary facilities in the civil explosive industry, and comprises a water phase tank (2), an oil phase tank (11), a water phase pump (5), an oil phase pump (9) and a static emulsifier (7), wherein an inlet and outlet of the water phase pump (5) are respectively connected by means of pipelines to an outlet of the water phase tank (2) and a water phase inlet of the static emulsifier (7), and an inlet and outlet of the oil phase pump (9) are respectively connected by means of pipelines to an outlet of the oil phase tank (11) and an oil phase inlet of the static emulsifier (7); and the ground station uses a fully static emulsifier as emulsifying equipment, which is a latex matrix preparation and delivery device without stirring, mechanical shearing and matrix pump delivering of a colloid in the matrix emulsifying process, the static emulsifier is designed by a principle of jet-type vortex flow emulsion, and the prepared latex matrix is directly filled into a colloid tank in an emulsification mixed and charged truck from an outlet of the static emulsifier by means of a flexible pipe, thereby eliminating the possibility of thermal explosion of mechanical frictions, and also reducing the total energy consumption of the entire production line."
37,0.18061748792381138,"A method for gassing an emulsion explosives to sensitise the explosive to detonation and/or for density modification is described. The method comprises reacting a compound having an enol group, or a deprotonated enolate form of the enol group, with a nitrosating agent to generate nitric oxide to gas the explosive. The compound reacted with the nitrosating agent can be a lactone such as ascorbic acid. Dinitrogen trioxide is particularly useful as the nitrosating agent."
52,0.1593545312057124,"The present invention provides a system for the pneumatic extrusion of an emulsion explosive into a borehole. This system comprises a pressurized vessel for holding the emulsion explosive under pressure (2), a pressurized water source (1) (preferably a vessel for holding water under pressure), an outlet from the emulsion vessel (10), a water injector connecting the outlet to a delivery hose (14) and a conduit (such as a hydraulic hose) for providing the pressurized water to the water injector (9)."
41,0.15917418930775518,The invention relates to a process for producing an ammonium nitrate/fuel oil explosive. The process includes forming an emulsion by admixing an oil with water. Ozone is then introduced into the emulsion to obtain an ozonated emulsion. The ozonated emulsion is admixed with solid particulate ammonium nitrate such that the emulsion is absorbed into the ammonium nitrate. An ammonium nitrate/fuel oil explosive is thereby formed.
38,0.15155790546194237,Provided is a two phase emulsion which is useful in preparing explosive compositions. The two phase emulsion is comprised of a blend of two water in oil emulsions. The two phase emulsion is comprised of a continuous oil matrix in which ammonium nitrate micelles and water micelles both exist separately in stable fashion.
32,0.14988864895512632,"An emulsion comprising:(A) a discontinuous phase; (B) a continuous organic phase; and (C) an emulsifying amount of at least one nitrogen and transition metal containing composition derived from hydrocarbon substituted polycarboxylic acids or functional equivalent thereof, selected from the group consisting of (C-1) amide and imide derivatives of transition metal salts, (C-2) transition metal complexes of non-acidic acylated nitrogen compounds, and (C-3) a mixture of acylated nitrogen compounds and transition metal salts. In one particular embodiment, the invention relates to explosive emulsions wherein (A) is a discontinuous oxidizer phase comprising at least one oxygen-supplying component and (B) is a continuous organic phase which comprises at least one carbonaceous fuel. In another embodiment, the discontinuous phase (A) is a discontinuous aqueous phase."
34,0.14976328087648783,"A water-in-oil emulsion explosive characterized by containing an ethylene/vinyl acetate copolymer. It has excellent long-term stability. Even when stored under a load for as long as about one year, the explosive is less apt to suffer a decrease in explosive performance and coagulates only slightly in such a degree that it comes to have weakly coherent partial coagulates which can be easily disaggregated. Even after long-term storage, charging with the explosive can be easily conducted with a charger. Since the explosive has excellent water resistance, it is suitable also for blasting in a water hole.A water−in−oil emulsion explosive characterized by containing an ethylene/vinyl acetate copolymer. It has excellent long−term stability. Even when stored under a load for as long as about one year, the explosive is less apt to suffer a decrease in explosive performance and coagulates only slightly in such a degree that it comes to have weakly coherent partial coagulates which can be easily disaggregated. Even after long−term storage, charging with the explosive can be easily conducted with a charger. Since the explosive has excellent water resistance, it is suitable also for blasting in a water hole."
28,0.14707118772352823,"A method for producing emulsion explosive without a charge pump by means of emulsification and sensitization in a static state. Water phase and oil phase enter a static emulsifier for emulsification, and then a latex matrix is introduced into a static sensitization device. A sensitizing agent enters the static sensitization device through a sensitizing agent inlet, the latex matrix and the sensitizing agent are mixed in the static sensitization device, and the sensitized explosive is directly filled into an explosive injection pipe for encapsulation. The static emulsifier and the static sensitization device are adopted to change conventional one-time mixing into multi-time mixing, so the explosive storage amount is greatly reduced, mechanical stirring, shearing and emulsification are not needed during a production process, a sensitization mode with mechanical mixing and stirring is cancelled, fully static high-temperature sensitization is carried out, and safety of the sensitization process is improved. The charge pump on a conventional production line is cancelled, the sensitized explosive is directly filled into the explosive injection pipe, danger points during the production process are reduced, the on-line explosive storage amount is reduced, and essential safety of explosive making and explosive charging is realized."
33,0.14430821467644628,"An emulsion explosive composition comprising an emulsion explosive and a heave agent. In the context of the present invention, the heave agent is a compound, or mixture of compounds, which is capable of reducing the overall relative effective energy of the emulsion explosive but which, on combustion/detonation, yields gaseous products. Examples of suitable heave agents include inorganic ammonium compounds, organic ammonium compounds, amino acids and non-ammonium containing amides, carbonates and nitrates."
36,0.13840789791148844,"Water in oil emulsion explosive compositions comprises a discontinuous aqueous phase comprising at least one oxygen-supplying component, a continuous organic phase, an emulsifying amount of an emulsifier composition comprising: the reaction product of an amine (C) characterized by the presence within its structure of at least one H-N group and an intermediate formed in the reaction of (A) at least one olefinic compound containing at least one group of formula (I) and (B) at least one carboxylic reactant selected from the group consisting of compounds of the formula (III) R<3>C(O)(R<4>)nC(O)OR<5> wherein each of R<3> and R<5> is independently H or a hydrocarbyl group, R<4> is a divalent hydrocarbylene group, and n is 0 or 1, and reactive sources thereof and optionally, from about 0.5 to about 2 moles, per mole of (B), of (D) at least one aldehyde or ketone; and optionally a sensitizer."
65,0.12396573023720947,"An emulsion explosive composition which comprises a multiplicity of cavities, each cavity comprising at least one open-ended channel."
58,0.12230458392720478,"The invention relates to a biodegradable emulsion explosive, to a method for the production thereof, and to an explosive system containing the biodegradable emulsion explosive."
50,0.11576576401782179,"Disclosed is a multifunctional emulsion base transport vehicle, the vehicle comprising a vehicle body provided with a vehicle chassis (1), wherein the vehicle chassis (1) is provided with an emulsion base bin system and a system for loading explosives; the emulsion base bin system comprises an emulsion base bin (2) and an emulsion base delivering device connected to the emulsion base bin (2); the system for loading explosives comprises a sensitizing solution storage container (7), a washing water storage container (8) and a loading unit; and the loading unit comprises a motive power system, a second base pump (9), a sensitizing solution pump (10), a base filter (11), a water ring injector (12), an explosive delivery hose and a static mixer. The multifunctional emulsion base transport vehicle has the functions of base storage, base transport, base delivery and loading explosives."
51,0.10396369609133538,"The present invention relates to a modular installation (1) for carrying out a method of manufacturing an explosive emulsion precursor, comprising at least 3 containers: - a first container (100) devoted to the preparation of an aqueous phase comprising a first dissolving tank (110), and - at least one second and/or third container (200, 300), comprising a second tank for preparing the oily phase (210) and a third tank for preparing the emulsion (310), and - at least a fourth and/or fifth container (400, 500) comprising means (410) of supplying heat, and means (510) of supplying electrical energy, and - said first, second and/or third containers (100, 200, 300) being juxtaposed at least along part of one of their walls (100a, 300b, 200b), and provided with openings (170, 370a, 275, 375, 270b) in their walls."
30,0.1016690230049958,"Provided is a site vehicle for mixing and loading multiple kinds of explosives with different detonation velocities. The vehicle contains a double-helix conveying system, a plurality of storage bins (5-8) and multiple sets of pipelines. Emulsified bases, porous granular ammonium nitrate and physical density modifier are stored in the main material storage bins, an adjuvant storage bin is provided with a diesel tank (4, 31), a sensitizing solution tank (40) and a washing water tank (11), and the technical effect that multiple kinds of explosives with different detonation velocities are mixed and loaded can be realized by using the different combinations of the different raw materials of the storage bins and various output pipelines and some baffle plates. The vehicle has the advantages of multiple purposes, capability of producing heavy emulsion explosive, density-modifiable heavy emulsion explosive, low density emulsion explosive, ultra-low density emulsion explosive, heavy ammonium nitrate fuel oil explosive, density-modifiable ammonium nitrate fuel oil explosive, porous granular ammonium nitrate fuel oil explosive, density-modifiable porous granular ammonium nitrate fuel oil explosive, and minor-diameter and long-distance conveying emulsion explosive, and applicability to the needs of various blasting operation environments and loading different kinds of explosives in the same blast hole."
44,0.10144776490259544,"This invention provides a hose for conveying an emulsion explosive together with an annular stream of aqueous solution around the emulsion explosive as a lubricant, wherein the hose comprises an internal surface that reduces disruption of the annular stream during conveying of the emulsion explosive. Also provided is a method of producing this type of hose and practical applications of the hose in commercial mining and blasting operations."
57,0.10080512374564599,"A method of producing a thickened emulsion explosive, which method comprises reacting in an emulsion explosive an amine compound and an a,ß-unsaturated carbonyl compound such that thickening of the emulsion explosive occurs."
40,0.09635436287367571,"A process for producing a fluoro(co)polymer by (co)polymerizing a fluoro-olefin which aims at using a substance that can substitute for R-113 or R-114 conventionally used as the solvent, solving the problem of coloration of the formed fluoro(co)polymer caused by the use of the above chlorofluorocarbons, and conducting the reaction safely. The (co)polymerization is conducted in perfluorocyclobutane as the solvent by solution polymerization, suspension polymerization, emulsion polymerization, etc. The addition of perfluorocyclobutane to a self-explosive fluoro-olefin serves to prevent explosion during storage or transportation."
29,0.0902604282910866,"According to this invention there is provided an aqueous oxidizer solution containing a mixture of dissolved oxidizing salts, for use in the preparation of explosives formulations, which a crystallization point as low as below 0°C. The solution has a water content of 25% by mass or less and contains ammonium nitrate and calcium nitrate wherein the ratio of the the molar concentration of ammonium nitrate to calcium nitrate is preferably approximately 1. When the water content of the solution is 24% by mass or less, the solution further contains monomethylammonium nitrate. This solution can be used for manufacturing watergel explosives, or emulsion explosives or ANE's (ammonium nitrate emulsion suspension or gel explosives). It can be easily transported underground in deep level mines through relatively small diameter pipelines, using existing access ways and shafts, to the working places at which point it can then be converted into a watergel or emulsion explosive or an ANE."
45,0.06484416622875933,"A modifier of brisance (i.e. shattering effect) for water-in-oil emulsion explosives, composed of a macromolecular component consisting of a prepolymer or polymer with the construction units-[CH2-C(X)=CH-CH2]-in its macromolecule where X is -H or -CH3, and which is terminated by hydroxi- or isocyanate groups or polyisobutylene groupings. Its use in an emulsion explosive reduces its brisance while preserving its working ability and raising the physical consistency of this explosive."
47,0.05872792501023327,"This invention relates to a blasting cartridge, a method of producing the cartridge and an emulsion explosives composition. A blasting cartridge according to the invention comprises a tubular sleeve of plastics film containing an emulsion explosives composition. The ends of the cartridge are only crimped, but preferably left open. The rheology of the explosive composition is modified so that it is sufficiently viscous to be contained within the sleeve (i.e. it does not exude from the crimped or open ends of the sleeve) during normal packaging and transport so that the ends thereof do not need to be closed by way of clipping or knotting."
55,0.05247914683014898,"The invention provides explosive emulsion compositions which include polymers of conjugated dienes and/or aryl-substituted olefins which have been hydrogenated, functionalized, and optionally modified. The explosive emulsion compositions include a copolymer of two different conjugated dienes. The polymers may be selectively hydrogenated to produce polymers which have highly controlled amounts of unsaturation, permitting highly selective functionalization."
53,0.0505009874856599,"A method for filling a cavity with explosive is disclosed, whereby a granular explosive and a pumpable explosive are mixed in a mixing chamber, directly on a filling opening for the cavity, or in the cavity, to give a heavy ANFO explosive. The invention further relates to a filling device for filling a cavity with explosive, comprising a first supply line (2), for a first supply flow of granular explosive, a second supply line (3), for a second supply flow of emulsion and a connector element (1), for connecting to a filling opening of the cavity or for placing in the cavity, for introduction of the first and second supply streams."
48,0.04985993258872701,"The invention relates to the metal mining industry, in particular to a method for carrying out open cast mining in watered masses. The aim of the invention is to increase the cost-performance ratio of the breaking up by explosives said watered masses, improve rock breaking quality and to reduce the cost of drilling and blasting. The inventive method consists in drilling a well, filling said well with water from a water-bearing stratum, injecting a water-soluble active compound, forming a blasting charge by the pumping thereof under a column of water and in blasting out. The explosive is embodied in the form of an emulsion blasting material."
62,0.047801665883264066,"The invention relates to the mining industry, in particular to a method for carrying out open cast works in watered lands. The aim of said invention is to increase the engineering-and-economical performance of the watered lands shooting. The inventive method consists in drilling wells (1) in land in rows (2), placing in the part of wells (1), which are filled with water (3) received from a water bed, a small stick charge (4), exploding said charge in such a way that a pothole (5) is formed in the area of explosion, introducing emulsion explosive (6) in all drilled wells (1) by pumping said explosive under a water column (3) and in exploding it. The small mass stick charges (4) are arranged in the wells (1) of the first and last rows (2)."
42,0.03815907014824016,"The process for sensitizing in situ aqueous explosives before charging the mine holes comprises the formation of an emulsion or dispersion gas-in-liquid from a low sensitivity or non explosive matrix product which consists of a liquid mixture in solution, emulsion or suspension of oxidant in fuel, and a gas. The density of the final explosive product can be varied as a function of the gas flow rate and can be controlled before introducing it into the hole. The installation comprises a tank (1) with the matrix product, a gas reserve (10), a mixture (5), a pump (3) and a gas flow rate regulating device (8) and optionally a tank (2) with a gas buble stabilizing agent, a dosing pump (4) and a flow meter (7)."
49,0.03171704344627124,"Methods and compositions for providing an emulsified gassing agent for use in sensitizing emulsion explosive compositions. The emulsified gassing agent is preferably a water-in-oil emulsion such that it is easily combinable with water-in-oil explosive emulsion compositions. The emulsified gassing agent and the emulsion explosive can be kept separate until the point in time immediately prior to introduction into the blasting site. The emulsified gassing agent will contain a gassing agent which releases gas when placed in contact with the emulsion explosive composition. One preferred gassing agent is sodium nitrite, but other gassing agents are also usable. The emulsion may also comprise a companion salt such as calcium or sodium nitrate, a vehicle such as No. 2 diesel oil, a surfactant, and a carrier such as water."
70,0.031218691467751136,"An emulsion explosive composition comprising a base emulsion phase which comprises a continuous fuel phase and a discontinuous oxidiser phase, wherein the viscosity of the base emulsion phase is less than 2000 cP (Brookfield viscosity #4 spindle at 50 rpm) at 25 DEG C."
59,0.0035405639844759973,An emulsion explosive composition is described comprising an effective amount of an explosive oxidizer material and an alkyl (meth)acrylate copolymer having a long alkyl group chain. The copolymer is present in a self-emulsifying composition which forms the base of the emulsion explosive composition. The copolymer and self-emulsifying composition are used to stabilise an emulsion explosive composition. A method is also provided for stabilising an emulsion explosive composition. The method comprises adding an alkyl (meth)acrylate copolymer to an emulsion comprising an explosive material.
43,-0.003860999683420463,"The present invention relates to an emulsion composition with a polymerizing and/or crosslinking agent and methods for its use in improving the manufacturing, packaging, transporting, storage placement and blasting characteristics of explosives containing an emulsion. The present invention is directed to controlling the rheology of an emulsion or explosive containing an emulsion by polymerizing and/or crosslinking the continuous phase of the emulsion by employing hydroxy-terminated polybutadiene and polymerizing agents and/or maleic anhydride adducted polybutadiene and crosslinking agents. The present invention provides compositions and methods of polymerizing and crosslinking emulsion compositions which result in an emulsion whose rheology may be controllably selected, without compromising the integrity of the explosive reaction. The composition of the present invention is comprised of a water-in-oil emulsion containing a continuous external carbonaceous fuel phase, the fuel phase being at least partially polymerized and/or crosslinked."
60,-0.016642676777464338,"A method for manufacture and delivery of an emulsion explosive having a discontinuous oxidizer solution phase, a continuous fuel phase, and an emulsifier, the method comprising: (a) providing an emulsion manufacturing system; (b) conveying an oxidizer solution phase to the emulsion manufacturing system at a pre-determined pressure; (c) conveying a fuel phase to the emulsion manufacturing system at a pre not  determined pressure; (d) forming an emulsion from the oxidizer solution and the fuel phases using only a portion of the pre-determined pressures so as to provide a usable residual pressure after the formation of the emulsion; and (e) utilizing the residual pressure to non-mechanically deliver the emulsion to a pre-determined location."
66,-0.02956749151243332,A valve for controlling the pumping of an emulsion in the mixing of a liquid explosive which includes a piston which is controlled during reciprocation by two valve members which are biased by a spring so that it is not possible for both valve members to be displaced from their respective valve seats simultaneously. This results in precisely controlled pumping strokes.
72,-0.038658724635609154,An explosive composition comprises an emulsion explosive composition and a matrix-forming amount of a matrix-forming agent. The matrix-forming agent is added subsequent to the formation of the emulsion explosive composition but prior to the loading of the emulsion explosive composition into a borehole.
54,-0.0612147668360461,"The present invention relates to a method and device for emulsifying emulsion explosive: an oil phase and a part of a water phase having undergone flow splitting enter a first level coarse emulsion mixer; after mixing, the mixture together with a part of the water phase having undergone second level flow splitting enters a second level coarse emulsion mixer; the obtained mixture together with a part of the water phase having undergone third level flow splitting enters a third level coarse emulsion mixer for mixing; forming a coarse emulsion matrix after multiple levels of mixing, and finally completing emulsification after mixing in a multi-level fine emulsion mixer. The method and device mix the water phase with the oil phase several times according to a desired ratio, thus greatly reducing the stored explosive, with no mechanical stirring or shearing, without requiring matrix pumping, with no heat accumulation, and with low pressure, thus enhancing safety."
74,-0.06202912019167872,"A bladder tank system having a pressure tank enclosing a flexible bladder for isolatedly containing an emulsion explosive, wherein the bladder has an inlet/outlet communicating with a first opening in the tank for charging the bladder with the emulsion explosive and for discharging the emulsion explosive from the bladder, and wherein the tank has a pressurant inlet for charging the tank exteriorly of the bladder with a pressurant to collapse the bladder and thereby expel the emulsion explosive therefrom."
75,-0.06351726029397708,"A method of providing an emulsion explosive underground in a mine (10) having a downwardly extending mine shaft (12) and a cage (14) arranged for travelling along the mine shaft (12) includes transferring an emulsion explosive fuel underground, transferring an emulsion explosive oxidiser underground along a downwardly extending conduit (28) located inside the mine shaft (12), and mixing the emulsion explosive fuel and the emulsion explosive oxidiser underground in the mine to provide an emulsion explosive."
56,-0.06357962667842054,"A device for transferring an industrial emulsion explosive comprises: two piston-type transfer pumps (1); and a material storage bin (2). Each piston-type transfer pump (1) comprises: a supply tank (111, 121); a supply piston (112, 122); a piston rod (113, 123); and a drive cylinder (114, 124). The supply tank has a feed inlet and a discharge outlet. The supply piston (112, 122) is provided with a pull plate (101) and a communicating hole (102) in communication with a rod cavity and a rodless cavity. The piston rod (113, 123) is driven by the drive cylinder (114, 124) extend or retract. The piston rod (113, 123) is connected to a sealing plate (103) and a discharge switch valve (3) configured to control opening and closing of the discharge outlet of a corresponding one of the two piston-type transfer pumps (1). The device has a simple and compact structure and high stability in transferring a material, can be manufactured easily at low manufacturing costs, and is very safe. Also provided is a method for transferring an industrial emulsion explosive. The method comprises: supplying, by two pressure oil sources (5, 6), oil to respectively drive the two piston-type transfer pumps (1) to suck, pre-compress and transfer a material; and upon performing a switch, supplying, by the same pressure oil source (5), oil to cause the two piston-type transfer pumps (1) to compress and transfer the material simultaneously, and then performing a switch between the discharge switch valves (3), thereby achieving a pulseless and stable switching, and increasing transfer stability."
46,-0.08591440348819512,"A pumpable emulsion composition for use in blasting, is obtainable by selecting a fatty acid, or a derivative thereof in which the carboxylic acid group remains functional for reaction or conversion, modifying said acid or acid derivative by reaction using an alcohol or primary or secondary amine to form respectively a corresponding ester or amide product of the general formula: RnZRm, wherein R represents at least one hydrocarbon chain and Z represents a linking group containing at least one heretoatom and n, m are integers, and using said product as the principal component of the oil phase in the manufacture of an emulsion explosive composition, said pumpable emulsion composition exhibiting shear-thinning properties when it is subjected to shear and a thickened ordered structure when shear is removed enabling it to be used in loading upwardly inclined boreholes or fractured ground where leakage may arise with known fluid formulations."
69,-0.0889493191631705,Provided is an emulsion explosive composition having voids/bubbles formed from one or more noble gases dispersed therein. Also provided is a method of manufacturing an emulsion explosive composition that includes mechanically and/or pneumatically infusing an emulsion explosive composition with a noble gas so as to create voids/bubbles formed from one or more noble gases. The noble gases can be contained within closed-cell micro-spheres that are dispersed throughout the emulsion explosive composition.
71,-0.11213816111673913,"A method of loading a borehole for directional blasting comprises placing two or more cartridges containing a primary explosive into the borehole, the cartridges being spaced evenly apart and abutting 10% to 50% of the borehole perimeter on a desired direction of blasting; securing wiring to a detonator in each cartridge, the wiring connectable to a controller that can activate all of the detonators simultaneously; and filling a remainder of the borehole with an emulsion or ANFO having a lower velocity of detonation (VOD) than the primary explosive. A system of interlocking cartridges for use in the method and a method of loading a borehole for main field blasting are also disclosed."
64,-0.12317808326020852,"The present invention relates to an in situ method for producing an explosive product (10). Said method includes the steps wherein: 1) an emulsion-containing matrix and a gasification reagent are separately transferred to a first mixer (7) from tanks (1-1, 1-2) containing them; 2) they are mixed in a first mixer (7); and 3) said explosive product obtained from said first mixer is transferred and deposited into an explosion hole (11). Said method is characterized in that: - in Step 1), the amounts and/or flow rates of said matrix and gasification reagent entering into said first mixer are controlled and monitored so as to produce a so-called explosive product having a density of a predetermined value when removed from the first mixer in Step 2); and - in Step 3), the density of the explosive product obtained is varied, during filling of a single hole, according to the deposited amount of explosive product and/or the depth at which the explosive product was deposited in said hole, or said density is varied from one hole to another in different holes."
61,-0.12784218610646536,"Preparation of gas bubble-sensitized explosive compositions which are liquid during their manufacture. It is possible to achieve particularly fine bubble sizes and therefore enhanced explosive power by incorporating in the liquid compositions a gas bubble-generating agent (either a gas or a substance capable of generating gas) prior to subjecting, or while the composition is subjected, to super-atmospheric pressure, this pressure being sufficient to dissolve at least part (preferably all) of any gas present. The composition is returned rapidly to atmospheric pressure and this crates a fine discontinuous gaseous phase in the composition. The invention is especially useful for preparing emulsion explosives which can be mixed and pumped under pressure, thus substantially avoiding gas bubble disengagement and coalescence."
73,-0.15236617595039292,"A method of charging explosives in a substantially vertical blast borehole, with a loading density reduced in relation to that corresponding to the complete fill up of the borehole diameter. The method includes the step of introducing a charging hose in fluid connection with a nozzle into an end opening of the vertical blast borehole. The charging hose and nozzle are then moved along the blast borehole along a travel direction at a controlled rate. As the nozzle is being moved, an explosive emulsion is forced though the nozzle at a controlled pumping rate such that the emulsion is sprayed by the nozzle laterally relative to the travel direction, in an arc formation extending around an axis of the nozzle, which axis is parallel to the travel direction, and onto an inner wall of the blast hole. The pumping rate and the controlled moving rate are adjusted so as to form a coherent string of the explosive emulsion exiting from the nozzle, whereby the string only partially fills up the blast borehole diameter."
63,-0.15761083219959682,"A field emulsion explosive mixing and charging system and charging method suitable for underground engineering. A drug outlet of a mixing machine is connected with a drug inlet end of a drug conveying pump, the drug outlet end of the drug conveying pump is communicated with a drug conveying hose through a water ring adding device, a mixing shaft is arranged in a drug mixing cavity of a mixing machine shell, a premixing chamber is formed above the feeding hole of the mixing machine shell, a drug spray device is arranged at the drug outlet end of the drug conveying hose, a spray head of the drug spray device is a cylindrical structure, and the spray head is provided with a main drug spray hole along the axial line of the spray head. The aim of ensuring the explosion effect is fulfilled mainly through technical innovations on three aspects: I, the pre-mixing chamber is formed on the top of the mixing machine shell; II, the sensitizing way of the emulsion explosive is physical sensitization; and III, the drug spray device is additionally arranged at the upper end of the drug conveying hose. Meanwhile, specific to the aim of lowering the working pressure of the drug conveying pump, a shearing device arranged on the drug conveying hose and used for increasing the viscosity of the emulsion explosive in the prior art is eliminated."
77,-0.1928539884375522,"An apparatus and process for the manufacture of an emulsion explosive wherein the composition of emulsion explosive can be continually varied in a controlled manner. The apparatus comprises: (i) at least one mixing means suitable for blending components into an emulsion; (ii) at least one delivery means for delivering an emulsion explosive from said mixing means into a blasthole or package; (iii) at least one container for emulsion; (iv) at least two containers for components which on combination are suitable for forming a gas for the gassing emulsion; (v) optionally, further containers for optional components suitable for addition to the emulsion or emulsion explosive; (vi) supply means for the supply of said components from said containers to the mixing means; and (vii) control means for controlling the amount or rate of supply of components to the mixing means and thereby enabling the composition of the emulsion explosive to be continuously varied in a controlled manner."
76,-0.20252704715470804,"We have now found that associative thickeners may be used in emulsions for use in explosive compositions, which associative thickeners provide for rapid and reversible changes in emulsion viscosity. Associative thickeners provide explosives emulsions having the desirable characteristics of (1) significant reduction in viscosity during pumping and (2) reestablishment of relatively high viscosity when pumping is terminated without damage to the emulsion components. It is believed that the associative thickener provides a network of physical linkages throughout the emulsion which network can be reversibly broken down."
67,-0.22044108261101547,"The present invention refers to a continuous process for in secco nanomaterial synthesis from the emulsification and detonation of an emulsion. The said process combines the simultaneous emulsification and detonation operations of the emulsion, thus assuring a production yield superior to 100 kg/h. When guaranteeing that the sensitization of the emulsion occurs mainly upon its feeding into the reactor, it is possible to avoid the accumulation of any class-1 substances along the entire synthesis process, thus turning it into an intrinsically safe process. Afterwards, dry collection of the nanomaterial avoids the production of liquid effluents, which are very difficult to process. Given that there's neither accumulation nor resort to explosive substances along the respective stages, the process of the present invention becomes a safe way of obtaining nanomaterial, thus allowing it to be implemented in areas wherein processes with hazardous substance aid are not allowed."
68,-0.2277418053102891,"An in-site explosive loading truck for an intrinsic safety-type emulsion explosive, wherein the key improvement thereof lies in performing emulsification and sensitization using a static emulsifying machine (12) and a static sensitizing machine (15), an outlet end of the static emulsifying machine (12) is butt-jointed to a conveying hose, the terminal end of a storage and conveying system of the sensitizing machine is connected to the head end of the conveying hose, and the static sensitizing machine (15) is arranged at the terminal end of the conveying hose; and the advantages thereof lie in: the sensitizing machine is provided at the end of the conveying hose and placed into a blast hole along with the conveying hose to perform sensitization in the blast hole so as to form a finished product of emulsion explosive, which avoids the transport of the finished product of emulsion explosive and reduces the safety risk, and on the other hand, the emulsifying machine and sensitizing machine used in the explosive loading truck are both of static structures, such that there is no shear and mechanical friction during the emulsification and sensitization, which reduces the sensitivity and prevents explosions from occurring during the production to ensure the production safety."
78,-0.2574361397713425,"The invention relates to a method of, and apparatus for, continuously forming an emulsion, which may comprise an explosive emulsion, by the steps of mixing emulsion forming materials in an enclosed volume to form an emulsion and, thereafter, continuously adding emuslion forming materials, to said enclosed volume and continuously extracting formed emulsion from said volume. In one embodiment the apparatus includes means for continuously monitoring the rate at which each emulsion forming material is supplied to the enclosed volume, to assist in maintaining the desired composition for the emulsion, and means for agitating the materials in the enclosed volume to maintain at least 70 % of the materials in said enclosed volume in an agitated condition."
